<?xml version="1.0" encoding="UTF-8"?>
<datas>
	<friend>
		<image>http://172.16.4.100:9090/frontend/xml/img/k1.png</image>
		<name>MUZI</name>
	</friend>
	<friend>
		<image>http://172.16.4.100:9090/frontend/xml/img/k2.png</image>
		<name>APEACH</name>
	</friend>
	<friend>
		<image>http://172.16.4.100:9090/frontend/xml/img/k3.png</image>
		<name>JAY-G</name>
	</friend>
	<friend>
		<image>http://172.16.4.100:9090/frontend/xml/img/k4.png</image>
		<name>FRODO</name>
	</friend>
	<friend>
		<image>http://172.16.4.100:9090/frontend/xml/img/k5.png</image>
		<name>NEO</name>
	</friend>
	<friend>
		<image>http://172.16.4.100:9090/frontend/xml/img/k6.png</image>
		<name>TUBE</name>
	</friend>
	<friend>
		<image>http://172.16.4.100:9090/frontend/xml/img/k7.png</image>
		<name>LION</name>
	</friend>
</datas>